,DBN,AY12-13,AY13-14,Economic Need Index,Percent Asian,Percent White,Percent Hispanic,Percent Black,Student Attendance Rate,Percent of Students Chronically Absent,Supportive Environment - Percent Positive,Percent English Language Learners,Percent Students with Disabilities,Latitude,Longitude,AvgOfNoCrim N,Total Grads,Dropout,Still Enrolled,Average Score (SAT Math),Average Score (SAT Reading),Average Score (SAT Writing),Percent Tested
0,M292,2357841,2276174,83.2%,13.2%,3.9%,56.6%,24.4%,76.6%,56.8%,77%,12.7%,29.8%,40.713684,-73.986336,0.0,28,1,0,410.0,406.0,381.0,59.7%
1,M448,2190592,1967439,81.2%,29.9%,3.3%,41.1%,25.0%,88.0%,34.7%,87%,19.4%,22.0%,40.712399,-73.98449699999998,1.09,82,3,3,437.0,355.0,352.0,69.9%
2,M450,3745068,3700670,61.0%,9.4%,8.3%,57.9%,22.1%,93.8%,16.5%,92%,1.8%,23.4%,40.729589,-73.982555,1.76,89,1,2,454.0,428.0,445.0,85.2%
3,M509,2198272,2302771,76.7%,5.8%,2.5%,51.2%,39.9%,76.8%,64.7%,81%,9.1%,28.4%,40.720581,-73.98564499999998,0.0,27,8,6,438.0,413.0,394.0,35.6%
4,M539,6808136,7034224,25.7%,38.5%,28.6%,18.0%,13.3%,95.2%,13.0%,85%,0.2%,4.3%,40.718895,-73.97930799999997,6.51,123,2,6,657.0,601.0,601.0,91.0%
5,M696,3155058,3247592,31.4%,17.1%,45.3%,18.7%,17.2%,95.8%,6.2%,91%,0.0%,1.1%,40.719029,-73.975891,1.76,133,0,2,634.0,641.0,639.0,70.8%
6,M135,0,911543,71.3%,5.7%,2.6%,62.2%,28.5%,88.3%,34.8%,88%,7.3%,19.7%,40.76337,-73.990593,0.0,57,7,10,,,,
7,M139,0,933883,71.4%,3.6%,8.8%,61.1%,24.9%,88.1%,40.3%,82%,7.8%,29.5%,40.711442,-74.000851,0.0,78,11,10,,,,
8,M288,2607632,2672246,68.7%,4.7%,3.0%,52.2%,39.6%,88.5%,40.5%,81%,3.0%,15.7%,40.76518400000001,-73.992953,0.0,71,3,8,428.0,435.0,421.0,52.0%
9,M294,1944793,2011826,63.3%,5.9%,11.7%,41.3%,38.5%,86.3%,31.8%,88%,4.2%,26.0%,40.71677800000001,-73.989337,0.0,75,4,5,395.0,411.0,387.0,78.9%
10,M296,2089291,2083836,75.1%,5.0%,1.7%,71.2%,21.0%,84.8%,42.8%,85%,7.8%,17.5%,40.76518400000001,-73.992953,0.0,66,5,10,451.0,433.0,424.0,56.2%
11,M298,2408796,2339017,66.5%,13.7%,1.9%,45.4%,28.1%,92.7%,20.3%,88%,1.2%,11.6%,40.71655300000001,-73.993092,0.0,98,5,6,430.0,435.0,427.0,87.8%
12,M300,2319977,2331649,72.6%,6.0%,3.4%,59.2%,29.5%,83.0%,50.2%,84%,6.3%,20.8%,40.76518400000001,-73.992953,0.0,62,10,12,445.0,417.0,403.0,60.6%
13,M303,2639760,2641980,81.1%,1.7%,2.2%,67.5%,27.3%,83.0%,49.2%,90%,19.5%,25.1%,40.76518400000001,-73.992953,0.0,77,16,11,366.0,356.0,371.0,57.3%
14,M305,1816849,1800851,74.9%,5.8%,2.7%,49.2%,41.9%,85.9%,44.8%,80%,3.3%,18.8%,40.71677800000001,-73.989337,0.0,48,7,3,389.0,395.0,381.0,80.8%
15,M308,2049572,2062220,69.5%,8.6%,3.1%,56.9%,28.2%,89.7%,31.1%,79%,4.2%,30.0%,40.71677800000001,-73.989337,0.0,65,3,10,418.0,428.0,415.0,65.1%
16,M316,2151602,2254991,73.6%,3.5%,2.2%,39.3%,52.8%,79.9%,54.5%,80%,4.4%,18.5%,40.70568,-74.013302,0.0,44,7,12,418.0,420.0,417.0,75.0%
17,M374,2795699,2956943,66.2%,3.6%,5.8%,44.2%,42.5%,86.5%,42.0%,76%,2.1%,17.5%,40.735494,-73.987659,0.0,91,1,19,446.0,459.0,455.0,79.6%
18,M376,2547489,2721782,42.2%,8.6%,28.7%,39.8%,19.9%,94.0%,19.3%,92%,0.2%,12.9%,40.7244,-74.004625,0.0,111,0,1,518.0,515.0,503.0,96.0%
19,M392,2400722,2497314,71.5%,3.4%,3.9%,62.1%,28.1%,85.6%,43.6%,82%,5.5%,18.3%,40.742867,-74.002136,0.0,83,7,5,410.0,407.0,399.0,69.7%
20,M393,2523215,2835182,71.4%,2.2%,1.6%,59.5%,35.4%,84.7%,47.5%,85%,7.3%,22.3%,40.76337,-73.990593,0.0,73,4,13,395.0,386.0,371.0,67.5%
21,M399,2034152,2179296,70.3%,31.1%,5.7%,40.3%,20.4%,86.9%,38.2%,80%,12.1%,17.4%,40.735494,-73.987659,0.0,99,6,11,446.0,433.0,411.0,70.2%
22,M400,6458065,6332359,69.0%,15.1%,6.6%,62.9%,14.7%,89.1%,29.6%,84%,7.1%,16.6%,40.767791,-73.987531,0.0,245,11,36,469.0,454.0,444.0,74.0%
23,M407,2127177,2030764,25.8%,5.8%,56.5%,14.9%,14.1%,91.7%,20.4%,90%,0.0%,6.2%,40.732447,-73.98303100000003,0.0,67,0,2,501.0,550.0,541.0,78.6%
24,M408,3281177,3275208,33.0%,2.5%,42.9%,22.3%,26.2%,94.4%,13.3%,84%,0.2%,12.6%,40.761448,-73.988019,0.0,116,1,7,496.0,520.0,516.0,72.2%
25,M411,2036472,2076618,45.9%,54.8%,22.8%,14.9%,6.2%,97.5%,4.4%,90%,0.2%,10.0%,40.74193,-73.986521,1.09,116,0,1,592.0,526.0,531.0,94.3%
26,M412,3165107,3142473,32.5%,27.6%,46.0%,15.5%,6.0%,94.2%,15.3%,89%,0.2%,15.0%,40.742129,-74.00219799999998,0.0,124,0,0,595.0,550.0,555.0,79.8%
27,M413,3561173,3743893,35.8%,14.4%,35.9%,30.4%,11.7%,94.1%,16.4%,88%,0.5%,14.8%,40.73895200000001,-73.985479,1.76,98,0,3,534.0,533.0,522.0,89.9%
28,M414,2317493,2379218,59.3%,34.2%,12.1%,39.7%,12.7%,94.8%,14.5%,84%,0.6%,7.6%,40.742129,-74.00219799999998,0.0,112,1,0,560.0,530.0,522.0,90.0%
29,M416,2655405,2825762,20.4%,20.1%,61.4%,10.9%,4.4%,96.5%,7.2%,92%,0.0%,5.9%,40.770187,-73.953608,1.76,143,0,0,641.0,617.0,631.0,86.0%
30,M418,3105857,3066021,40.2%,38.4%,32.8%,18.2%,7.6%,96.4%,6.8%,89%,0.5%,9.4%,40.704487,-74.011556,1.76,173,0,0,577.0,560.0,567.0,94.0%
31,M419,2410373,2366399,80.4%,3.7%,1.7%,68.5%,24.2%,81.9%,53.4%,83%,10.4%,24.5%,40.742867,-74.002136,0.0,51,5,11,386.0,386.0,386.0,30.6%
32,M420,7922385,7928448,67.0%,22.4%,7.3%,50.9%,18.9%,91.6%,22.2%,87%,4.3%,12.4%,40.732447,-73.98303100000003,0.0,366,8,27,452.0,445.0,430.0,86.9%
33,M422,2317104,2706569,40.6%,8.7%,24.2%,41.5%,21.9%,89.0%,33.7%,82%,3.0%,36.2%,40.742867,-74.002136,0.0,63,4,11,,,,
34,M425,3187523,3408636,75.1%,3.9%,4.4%,61.9%,27.9%,79.2%,58.3%,83%,6.7%,20.3%,40.70873,-74.012332,1.76,85,9,16,390.0,396.0,392.0,54.9%
35,M427,1821198,2508074,75.0%,2.4%,1.5%,91.3%,4.8%,85.1%,44.2%,83%,78.4%,3.3%,40.746176,-73.981241,0.0,52,5,10,350.0,334.0,321.0,46.1%
36,M437,2084437,2761405,75.4%,6.4%,3.3%,59.4%,29.2%,82.6%,50.6%,82%,8.7%,22.2%,40.742867,-74.002136,0.0,76,16,16,378.0,407.0,388.0,71.8%
37,M438,1730977,2380097,74.2%,30.6%,9.9%,45.3%,14.2%,83.5%,40.2%,85%,86.4%,4.8%,40.735494,-73.987659,0.0,50,8,9,403.0,330.0,316.0,53.2%
38,M439,2056066,2004696,59.6%,7.2%,7.2%,67.2%,9.6%,98.3%,1.0%,90%,2.7%,11.3%,40.741497,-73.991512,1.09,125,0,0,522.0,479.0,510.0,98.8%
39,M449,2414855,2408980,68.5%,7.6%,4.7%,57.0%,27.4%,87.2%,42.9%,89%,7.8%,21.8%,40.765359,-73.960059,0.0,97,9,13,431.0,409.0,396.0,63.8%
40,M459,1889986,1968584,68.1%,29.4%,12.2%,41.1%,16.6%,90.3%,29.9%,90%,76.7%,4.1%,40.765359,-73.960059,0.0,56,5,9,438.0,358.0,382.0,58.6%
41,M475,16939018,16915006,31.6%,73.4%,20.4%,2.6%,0.8%,96.5%,7.6%,87%,0.1%,0.5%,40.71759,-74.01374799999998,14.5,812,1,10,754.0,697.0,693.0,97.4%
42,M489,3749587,3887332,66.8%,21.7%,7.2%,47.1%,22.9%,88.7%,30.0%,83%,6.0%,14.3%,40.709196,-74.012022,2.49,151,3,15,469.0,442.0,447.0,66.8%
43,M500,1765609,1760902,77.1%,6.0%,4.9%,58.8%,27.5%,86.4%,33.8%,88%,6.7%,23.9%,40.746176,-73.981241,0.0,60,1,4,375.0,385.0,387.0,62.8%
44,M507,1591620,2257754,63.6%,7.8%,5.7%,53.8%,30.3%,89.6%,33.3%,85%,2.1%,19.1%,40.76337,-73.990593,0.0,93,3,4,445.0,432.0,415.0,78.4%
45,M519,2758166,2915388,45.9%,4.9%,20.4%,39.9%,33.4%,93.4%,17.6%,84%,0.2%,8.7%,40.765359,-73.960059,0.0,113,2,0,485.0,498.0,496.0,89.3%
46,M520,8588220,7639152,71.1%,8.9%,3.0%,40.7%,46.1%,72.9%,65.0%,73%,10.7%,20.3%,40.711442,-74.000851,0.0,58,10,10,418.0,415.0,398.0,44.3%
47,M529,3743505,3722811,77.1%,4.0%,3.6%,70.1%,21.3%,80.2%,55.0%,79%,5.9%,18.6%,40.757729,-73.983078,1.76,86,4,45,418.0,422.0,415.0,53.8%
48,M531,1298283,1370165,62.4%,1.6%,8.5%,50.4%,37.4%,92.8%,26.3%,90%,3.7%,12.6%,40.755843,-73.984382,1.23,64,0,1,425.0,451.0,458.0,89.5%
49,M533,1041055,1664280,71.9%,16.0%,4.7%,56.7%,20.1%,90.7%,28.0%,82%,10.3%,14.4%,40.735494,-73.987659,0.0,76,3,10,,,,
50,M534,963048,1492267,51.1%,6.9%,16.8%,52.3%,22.2%,90.9%,29.4%,82%,2.1%,24.3%,40.736518,-73.994858,0.0,102,2,14,,,,
51,M542,3205866,3171898,82.0%,0.0%,0.0%,100.0%,0.0%,92.0%,25.6%,94%,53.1%,2.3%,40.76518400000001,-73.992953,0.0,118,1,2,409.0,360.0,347.0,84.4%
52,M543,2548625,2468745,74.5%,5.9%,3.9%,56.9%,30.8%,84.8%,41.7%,85%,5.4%,26.5%,40.71677800000001,-73.989337,0.0,80,3,10,381.0,396.0,372.0,73.7%
53,M545,2521625,2668384,72.3%,88.9%,1.7%,5.5%,3.1%,98.2%,2.9%,90%,23.6%,1.9%,40.71677800000001,-73.989337,0.0,98,0,1,613.0,453.0,463.0,95.9%
54,M546,1027646,1616369,61.5%,11.0%,9.0%,45.9%,28.8%,92.5%,22.0%,89%,2.3%,23.8%,40.735494,-73.987659,0.0,98,1,14,,,,
55,M551,2740750,2708001,55.6%,2.9%,18.8%,51.7%,23.7%,90.3%,28.9%,79%,2.7%,21.9%,40.701695,-74.01163100000002,1.09,85,5,9,446.0,453.0,428.0,78.8%
56,M580,3486961,3457074,76.4%,6.2%,2.7%,58.8%,31.1%,85.3%,42.7%,79%,5.1%,24.2%,40.70568,-74.013302,0.0,88,15,13,411.0,415.0,409.0,60.0%
57,M600,8210497,8590439,65.7%,5.0%,3.8%,53.8%,36.3%,93.7%,18.0%,84%,2.2%,13.9%,40.745156,-73.996074,6.51,363,7,7,433.0,442.0,427.0,80.6%
58,M615,2519867,2566024,73.4%,8.2%,3.2%,57.4%,28.9%,88.4%,35.7%,84%,2.7%,19.1%,40.7244,-74.004625,0.0,76,7,11,439.0,418.0,400.0,80.4%
59,M630,7918631,8238342,55.4%,8.5%,10.8%,54.7%,24.1%,91.1%,24.7%,85%,1.2%,16.7%,40.75924000000001,-73.967203,0.0,324,13,26,455.0,475.0,458.0,70.1%
60,M655,3929283,3836056,76.5%,4.3%,3.2%,62.2%,28.3%,82.5%,52.9%,77%,7.0%,18.0%,40.783625,-73.945637,2.49,89,6,22,435.0,440.0,425.0,63.0%
61,M299,2340559,2308182,75.4%,0.4%,0.9%,58.8%,38.5%,83.0%,48.2%,79%,12.8%,22.6%,40.774351,-73.984753,0.0,60,11,17,375.0,389.0,380.0,58.8%
62,M307,2016672,2097703,72.3%,1.9%,1.7%,57.8%,36.4%,84.1%,55.1%,81%,9.5%,20.6%,40.774351,-73.984753,0.0,81,14,10,392.0,419.0,396.0,49.5%
63,M402,2552963,2803834,79.3%,1.1%,2.8%,72.0%,23.2%,84.2%,50.0%,76%,16.1%,26.3%,40.785803,-73.974614,0.0,67,4,13,393.0,371.0,378.0,60.0%
64,M403,2595955,2809734,76.6%,2.4%,5.4%,66.3%,25.0%,87.2%,36.8%,80%,13.3%,23.8%,40.785803,-73.974614,0.0,85,11,9,406.0,407.0,413.0,59.4%
65,M415,3404348,3263551,79.1%,1.8%,1.0%,44.2%,52.0%,78.2%,50.6%,82%,4.8%,22.1%,40.802207,-73.954142,0.0,36,6,2,381.0,401.0,392.0,52.6%
66,M417,1743640,2099107,44.4%,8.8%,31.8%,40.1%,15.8%,93.8%,15.6%,86%,1.3%,17.6%,40.785803,-73.974614,0.0,88,0,6,489.0,491.0,500.0,89.1%
67,M479,5165262,5464867,27.8%,8.9%,51.8%,23.8%,13.7%,96.4%,5.5%,92%,0.1%,5.8%,40.772007,-73.98747900000002,5.55,313,0,6,583.0,586.0,595.0,82.8%
68,M485,14198614,14055437,25.3%,19.4%,45.3%,19.4%,11.3%,95.4%,9.3%,81%,0.0%,2.3%,40.773629,-73.98527299999998,31.53,598,4,6,592.0,592.0,597.0,88.5%
69,M492,3384988,3402008,75.4%,2.4%,2.2%,52.7%,42.0%,84.5%,43.1%,78%,5.9%,16.3%,40.774351,-73.984753,0.0,91,15,11,415.0,417.0,402.0,60.5%
70,M494,3008065,2984290,77.5%,3.9%,2.9%,59.3%,32.5%,76.7%,63.9%,73%,10.6%,22.1%,40.774351,-73.984753,0.0,69,14,33,421.0,428.0,406.0,44.4%
71,M541,2544867,2570926,48.3%,25.9%,13.1%,37.9%,16.4%,97.6%,5.5%,90%,0.0%,9.3%,40.774351,-73.984753,0.0,109,1,3,581.0,531.0,535.0,97.2%
72,M859,770832,923099,25.3%,18.5%,29.3%,15.2%,21.7%,96.0%,8.6%,91%,1.1%,14.1%,40.774919,-73.982745,1.23,44,0,1,,,,
73,M860,2229587,2116853,78.6%,2.2%,1.9%,26.3%,67.8%,79.6%,58.9%,81%,8.0%,21.7%,40.802207,-73.954142,0.0,58,9,6,390.0,384.0,373.0,63.8%
74,M372,2563230,3155864,83.6%,1.3%,2.1%,83.1%,13.1%,85.3%,51.0%,84%,41.8%,21.9%,40.79307,-73.94230300000002,0.0,55,6,19,,,,
75,M409,2094536,2073815,82.2%,4.2%,3.5%,50.2%,41.0%,79.5%,59.1%,83%,9.9%,34.3%,40.798884,-73.933319,0.0,33,5,1,344.0,368.0,367.0,40.5%
76,M435,6484546,6481396,67.8%,19.2%,4.2%,54.1%,20.9%,93.4%,18.1%,85%,3.4%,6.6%,40.793856,-73.934028,0.0,374,1,6,556.0,505.0,495.0,87.6%
77,M495,1991207,2108424,74.9%,4.8%,1.7%,63.7%,27.6%,91.8%,24.8%,91%,1.9%,14.8%,40.790543,-73.944356,1.09,91,0,1,429.0,433.0,435.0,89.6%
78,M555,2417965,2555456,74.2%,7.3%,3.9%,63.3%,24.5%,94.3%,16.7%,91%,3.0%,13.7%,40.793763,-73.949381,0.0,127,1,2,483.0,468.0,439.0,97.9%
79,M610,2091167,2209005,72.2%,8.9%,3.4%,57.4%,27.9%,94.8%,16.3%,87%,0.9%,17.5%,40.792741,-73.947428,1.09,86,0,0,478.0,465.0,472.0,100.0%
80,M680,1894264,1870985,80.6%,1.2%,1.9%,63.7%,32.3%,82.7%,52.2%,73%,5.9%,29.2%,40.791881,-73.946558,1.09,41,5,4,385.0,380.0,370.0,56.8%
81,M157,0,716453,81.7%,2.4%,1.2%,49.4%,43.9%,89.1%,35.5%,82%,9.1%,27.4%,40.807383,-73.939433,0.0,45,6,24,,,,
82,M304,2100141,2191744,80.5%,0.9%,0.7%,59.1%,38.3%,86.8%,41.2%,81%,11.2%,23.6%,40.817372,-73.947712,0.0,54,8,20,416.0,445.0,440.0,36.9%
83,M362,2394495,2798427,50.7%,13.7%,14.8%,48.1%,22.0%,95.7%,13.1%,88%,0.0%,3.2%,40.810431,-73.955809,0.0,89,0,1,583.0,561.0,546.0,88.2%
84,M367,2462698,2218692,79.7%,0.5%,2.8%,49.3%,46.5%,70.9%,68.1%,74%,18.9%,27.6%,40.815256,-73.955325,0.0,9,6,10,357.0,349.0,365.0,54.0%
85,M369,2082770,2032210,77.5%,0.8%,1.4%,43.0%,52.2%,81.0%,62.8%,83%,4.7%,20.7%,40.815256,-73.955325,0.0,54,15,6,379.0,399.0,388.0,76.7%
86,M499,7451516,7144223,70.8%,1.7%,1.4%,23.2%,70.4%,89.1%,30.5%,79%,1.8%,10.3%,40.824319,-73.93712,5.55,204,7,21,463.0,452.0,450.0,65.1%
87,M670,3050289,2973398,73.2%,1.3%,0.8%,19.6%,77.6%,92.4%,20.6%,79%,1.8%,17.6%,40.81550900000001,-73.944202,1.76,65,2,12,402.0,394.0,400.0,84.7%
88,M692,3145366,3175682,39.7%,38.5%,26.8%,21.7%,9.6%,96.4%,8.5%,90%,0.2%,3.8%,40.82074,-73.949097,1.09,106,1,1,683.0,610.0,596.0,92.6%
89,M293,3161560,3107934,70.8%,0.9%,1.2%,94.1%,3.8%,94.3%,16.3%,88%,2.3%,13.2%,40.86079,-73.930672,0.0,84,0,0,495.0,445.0,450.0,95.3%
90,M346,3043137,3192625,85.0%,0.0%,2.7%,91.8%,4.9%,81.2%,50.6%,89%,21.9%,20.8%,40.833687,-73.942072,1.76,72,3,14,387.0,389.0,385.0,55.3%
91,M348,3915230,3844799,84.0%,0.3%,0.5%,94.8%,3.8%,85.5%,43.6%,89%,14.7%,23.2%,40.848908,-73.930948,0.0,69,8,14,443.0,423.0,434.0,87.0%
92,M462,3336179,3128047,83.8%,0.2%,0.6%,89.2%,9.0%,85.2%,44.5%,81%,44.4%,21.0%,40.855954,-73.927051,0.0,73,8,14,367.0,377.0,363.0,41.9%
93,M463,3034594,3153325,83.2%,1.9%,1.3%,82.5%,13.8%,82.6%,49.0%,81%,33.8%,19.8%,40.855954,-73.927051,0.0,63,9,28,378.0,381.0,383.0,33.0%
94,M467,3802505,3896044,79.9%,0.4%,1.6%,80.8%,16.8%,87.6%,38.4%,81%,27.4%,20.7%,40.855954,-73.927051,0.0,103,21,25,401.0,394.0,381.0,44.1%
95,M468,3695522,3619128,83.8%,1.3%,1.5%,79.8%,15.9%,85.7%,44.5%,81%,30.7%,18.2%,40.855954,-73.927051,0.0,80,15,7,374.0,385.0,389.0,56.2%
96,M540,5895114,6377594,77.2%,4.9%,1.7%,59.7%,32.0%,86.1%,39.6%,86%,6.9%,14.1%,40.818188,-73.950356,5.55,188,25,16,459.0,453.0,447.0,74.0%
97,M552,2801457,2928248,82.3%,0.0%,0.0%,100.0%,0.0%,91.4%,24.1%,92%,83.3%,1.6%,,,1.09,94,11,11,383.0,355.0,352.0,71.0%
98,X221,3629028,3496037,87.2%,1.7%,1.4%,70.3%,25.2%,89.6%,35.7%,89%,2.8%,21.2%,40.813983,-73.92078199999997,0.0,87,1,4,419.0,414.0,394.0,76.9%
99,X223,2295602,2249123,86.6%,0.0%,0.9%,78.5%,20.6%,93.6%,19.8%,85%,6.1%,20.1%,40.813983,-73.92078199999997,0.0,107,3,7,,,,
100,X259,0,990744,81.7%,2.2%,1.7%,58.9%,35.5%,84.3%,50.6%,75%,11.3%,17.7%,40.810803,-73.907015,0.0,71,12,15,,,,
101,X334,2291324,2407589,79.0%,6.5%,1.3%,76.7%,14.0%,83.4%,42.9%,88%,86.0%,3.2%,40.81004,-73.917792,0.0,70,14,1,345.0,338.0,312.0,58.2%
102,X427,1942883,1974562,84.1%,1.5%,1.2%,67.3%,29.6%,79.4%,61.4%,92%,9.9%,25.0%,40.815938,-73.930386,0.0,43,17,3,380.0,382.0,362.0,38.4%
103,X473,1935066,1926506,82.4%,0.3%,0.5%,73.6%,25.3%,79.9%,57.4%,85%,9.6%,21.7%,40.81825,-73.91103000000003,0.0,46,23,24,377.0,373.0,369.0,44.9%
104,X495,2044575,2067294,80.5%,3.1%,1.6%,64.6%,30.0%,92.7%,22.7%,88%,2.1%,8.2%,40.81825,-73.91103000000003,0.0,103,0,0,420.0,446.0,424.0,87.8%
105,X500,2742643,2872459,79.9%,3.8%,1.5%,69.9%,22.5%,91.5%,24.0%,76%,2.9%,16.7%,40.815498,-73.91224,0.0,70,3,6,463.0,451.0,435.0,80.0%
106,X522,2183746,3211706,82.4%,1.4%,3.4%,70.5%,24.0%,81.4%,56.9%,82%,14.2%,25.2%,40.818232,-73.91986700000002,0.0,65,23,21,,,,0.8%
107,X527,3075354,2924162,83.1%,2.2%,0.8%,63.4%,32.3%,85.4%,46.3%,89%,13.9%,26.7%,40.82231,-73.923829,0.0,96,23,14,384.0,355.0,361.0,61.3%
108,X547,2688261,2871644,85.5%,0.4%,0.4%,67.6%,31.4%,80.9%,47.9%,79%,10.3%,26.1%,40.82231,-73.923829,0.0,34,20,9,390.0,398.0,376.0,30.4%
109,X548,3230238,3425431,82.0%,0.2%,1.4%,69.5%,28.6%,80.1%,48.9%,85%,7.2%,23.3%,40.82231,-73.923829,0.0,78,16,37,402.0,405.0,395.0,55.5%
110,X551,2967589,3059503,88.2%,0.9%,1.5%,66.9%,30.4%,82.8%,48.4%,76%,13.6%,25.0%,40.813641,-73.925313,0.0,70,7,6,398.0,400.0,405.0,57.8%
111,X600,3464797,2960327,79.8%,1.1%,0.8%,68.3%,29.1%,83.0%,52.3%,75%,19.2%,28.3%,40.818232,-73.91986700000002,0.0,68,17,5,390.0,373.0,371.0,29.8%
112,X670,2974468,2883120,83.4%,3.1%,1.8%,57.9%,36.1%,79.0%,57.1%,84%,7.8%,19.3%,40.815938,-73.930386,0.0,87,35,19,374.0,386.0,382.0,57.9%
113,X269,2949168,2975617,85.3%,1.2%,0.6%,76.9%,20.3%,86.4%,45.2%,79%,12.0%,24.0%,40.820579,-73.893128,1.76,55,7,11,417.0,412.0,403.0,71.6%
114,X282,2230256,2380285,76.7%,3.5%,2.6%,41.2%,50.1%,78.7%,64.1%,66%,4.6%,22.0%,40.814833,-73.85658000000002,0.0,36,12,11,386.0,390.0,389.0,45.2%
115,X293,2546554,2448770,73.0%,3.2%,7.2%,61.0%,27.9%,83.1%,49.6%,84%,3.6%,24.1%,40.840702,-73.838545,0.0,84,14,13,390.0,411.0,393.0,52.3%
116,X312,2678818,2760739,78.5%,2.3%,1.8%,65.1%,30.0%,85.5%,43.6%,81%,4.7%,29.4%,40.82229,-73.856167,0.0,82,9,12,396.0,413.0,395.0,39.2%
117,X320,0,874979,78.3%,7.6%,5.2%,52.6%,33.2%,90.3%,34.5%,76%,14.7%,24.6%,40.840702,-73.838545,0.0,71,13,20,,,,
118,X332,1842677,1782315,83.6%,0.4%,0.4%,54.7%,43.2%,85.0%,45.0%,84%,11.0%,29.7%,40.817512,-73.898212,0.0,23,1,7,376.0,372.0,369.0,59.0%
119,X348,0,874979,75.0%,4.0%,6.2%,66.7%,22.0%,90.0%,34.8%,87%,14.7%,22.0%,40.840702,-73.838545,0.0,81,2,16,,,,
120,X349,0,874979,75.8%,2.9%,2.5%,60.8%,29.9%,87.5%,44.1%,81%,14.7%,24.0%,40.840702,-73.838545,0.0,88,9,8,,,,
121,X367,3263995,3512784,72.3%,5.5%,2.2%,60.6%,30.9%,87.7%,36.5%,80%,6.3%,28.7%,40.814833,-73.85658000000002,0.0,51,7,19,418.0,430.0,403.0,51.2%
122,X376,2542186,2634760,75.6%,6.3%,1.3%,65.4%,26.2%,80.9%,52.1%,74%,14.3%,25.3%,40.82229,-73.856167,0.0,28,12,14,435.0,415.0,423.0,44.9%
123,X405,14938515,11327443,70.7%,9.2%,10.6%,54.9%,23.6%,79.4%,52.1%,73%,10.3%,25.3%,40.840702,-73.838545,0.0,105,30,46,426.0,419.0,407.0,28.9%
124,X432,1769212,2460072,83.4%,7.8%,1.8%,82.9%,6.6%,83.2%,54.0%,82%,82.3%,11.7%,40.82229,-73.856167,0.0,60,12,13,,,,1.2%
125,X452,1770238,1791104,82.1%,4.0%,1.2%,61.7%,32.2%,74.2%,72.8%,80%,10.4%,30.7%,40.82229,-73.856167,0.0,94,16,34,365.0,393.0,357.0,41.3%
126,X519,2084861,2057350,82.1%,2.0%,2.9%,67.8%,25.4%,79.3%,56.9%,71%,10.1%,27.4%,40.821146,-73.881479,0.0,18,19,23,389.0,408.0,413.0,31.3%
127,X530,2498237,2415643,85.1%,0.0%,1.2%,60.6%,37.2%,71.5%,74.6%,77%,11.4%,31.7%,40.817512,-73.898212,0.0,30,12,2,378.0,391.0,378.0,25.7%
128,X558,879892,1596793,70.1%,4.5%,8.8%,56.6%,26.8%,86.5%,42.3%,84%,6.8%,22.5%,40.840702,-73.838545,0.0,126,15,25,,,,
129,X559,820380,1304583,84.7%,1.3%,0.0%,60.4%,35.4%,83.1%,48.9%,77%,15.4%,17.1%,40.821675,-73.90354599999998,0.0,39,16,35,,,,
130,X561,802656,1425268,78.8%,2.4%,0.9%,60.2%,34.6%,80.2%,60.6%,86%,8.1%,28.3%,40.82229,-73.856167,0.0,74,15,23,,,,
131,X227,2323906,2214869,83.3%,1.0%,0.3%,69.1%,28.5%,80.1%,57.6%,86%,27.2%,23.0%,40.840422,-73.91091,0.0,77,7,5,395.0,401.0,382.0,45.5%
132,X231,3315635,3744534,70.5%,0.3%,0.5%,36.0%,60.7%,86.1%,39.7%,77%,2.2%,27.9%,40.844958,-73.89705,1.76,59,12,9,398.0,410.0,397.0,65.7%
133,X241,3470313,3519234,82.2%,1.4%,1.1%,64.1%,33.0%,89.6%,33.7%,80%,5.1%,20.2%,40.839244,-73.90131600000002,0.0,80,2,11,445.0,418.0,422.0,87.8%
134,X250,2059060,2167490,79.6%,1.1%,0.7%,52.1%,45.2%,89.3%,34.6%,86%,8.9%,20.0%,40.833665,-73.902499,0.0,84,4,10,400.0,391.0,397.0,78.2%
135,X252,2024216,2125504,84.0%,1.2%,1.2%,75.6%,20.1%,85.9%,41.3%,82%,10.9%,23.4%,40.839244,-73.90131600000002,0.0,83,7,11,417.0,399.0,398.0,46.2%
136,X260,2192510,2297484,75.3%,6.3%,1.5%,65.9%,25.4%,92.0%,26.8%,86%,3.3%,17.7%,40.833665,-73.902499,0.0,103,4,6,513.0,468.0,485.0,73.9%
137,X263,2119783,2134899,83.7%,1.6%,0.8%,70.7%,26.9%,84.3%,43.5%,82%,11.5%,22.4%,40.839244,-73.90131600000002,0.0,58,7,26,382.0,375.0,384.0,59.2%
138,X297,2770970,2660415,85.0%,0.8%,0.4%,72.0%,26.3%,79.6%,56.5%,83%,18.7%,25.3%,40.827642,-73.904473,0.0,66,10,13,407.0,389.0,386.0,44.8%
139,X324,2939729,2918585,81.9%,3.6%,0.4%,67.4%,28.7%,85.8%,44.4%,84%,6.8%,15.1%,40.828696,-73.917668,0.0,53,0,8,424.0,413.0,409.0,93.3%
140,X327,2367364,2597676,86.2%,0.0%,0.6%,76.0%,23.3%,90.3%,27.4%,85%,5.7%,21.5%,40.842495,-73.91608199999997,0.0,90,4,9,,,,
141,X329,1821981,1759627,85.9%,1.5%,1.2%,60.7%,33.6%,79.2%,52.3%,88%,21.4%,19.6%,40.840422,-73.91091,0.0,41,24,10,385.0,385.0,388.0,51.1%
142,X365,2036084,2029395,83.1%,0.0%,0.0%,99.7%,0.3%,91.7%,29.8%,91%,74.5%,4.3%,40.849623,-73.91606999999998,0.0,72,0,2,371.0,334.0,348.0,78.9%
143,X403,2406182,2507650,82.6%,3.4%,1.7%,74.1%,20.0%,84.3%,40.7%,87%,88.3%,4.9%,40.827642,-73.904473,0.0,61,6,30,355.0,330.0,320.0,59.1%
144,X404,2285160,2372241,87.5%,0.7%,1.0%,70.8%,26.6%,75.3%,63.9%,79%,27.1%,27.8%,40.827642,-73.904473,0.0,57,2,27,377.0,385.0,383.0,38.4%
145,X412,3118715,2982041,82.5%,1.5%,1.2%,63.1%,33.3%,78.9%,51.7%,78%,29.8%,26.3%,40.840422,-73.91091,0.0,41,17,7,365.0,360.0,346.0,33.3%
146,X413,3400042,3515902,80.1%,7.1%,0.7%,53.4%,36.7%,92.8%,22.4%,82%,1.4%,9.5%,40.840422,-73.91091,0.0,52,4,12,431.0,421.0,426.0,83.9%
147,X505,4370026,4171487,80.3%,2.2%,1.0%,72.0%,23.1%,90.2%,30.0%,80%,3.9%,19.3%,40.827607,-73.918681,2.49,114,8,7,403.0,409.0,415.0,63.8%
148,X517,2476650,2181632,83.6%,0.7%,2.3%,45.4%,50.4%,79.8%,63.8%,85%,11.7%,21.8%,40.833511,-73.90449,0.0,69,25,17,387.0,386.0,386.0,50.5%
149,X525,3561720,3524045,82.7%,0.4%,0.6%,61.7%,35.7%,81.7%,49.2%,73%,9.8%,24.6%,40.843588,-73.90323599999998,1.76,88,22,26,375.0,372.0,374.0,49.1%
150,X543,2043618,2176820,85.8%,0.5%,0.3%,64.6%,34.1%,79.2%,60.9%,74%,11.7%,26.0%,40.827642,-73.904473,0.0,68,6,24,363.0,401.0,396.0,31.3%
151,X564,791977,1303918,85.6%,4.7%,1.2%,72.8%,20.6%,88.9%,32.1%,84%,90.3%,2.3%,40.840422,-73.91091,0.0,58,11,17,,,,
152,X141,7170326,7210021,41.8%,7.7%,23.7%,55.7%,12.3%,91.0%,29.4%,82%,5.4%,20.7%,40.888338,-73.91348599999998,5.55,170,9,10,496.0,485.0,476.0,69.4%
153,X213,2527285,2437890,75.3%,6.7%,1.4%,55.9%,34.3%,83.5%,50.2%,76%,9.8%,20.9%,40.877105,-73.912256,0.0,66,17,8,394.0,406.0,391.0,59.6%
154,X225,3004060,3235302,80.6%,1.2%,0.7%,66.6%,29.2%,88.9%,38.0%,81%,5.2%,18.6%,40.854493,-73.89671700000002,0.0,66,5,16,402.0,421.0,410.0,77.7%
155,X237,2975491,3093177,75.9%,2.7%,3.3%,56.9%,35.7%,86.0%,34.9%,79%,9.6%,18.9%,40.875911,-73.901099,0.0,81,16,27,423.0,420.0,425.0,68.6%
156,X243,3406510,3334191,85.1%,2.7%,3.0%,72.0%,21.1%,87.5%,37.3%,81%,9.5%,25.0%,40.860043,-73.888267,0.0,65,6,5,404.0,383.0,378.0,57.3%
157,X264,0,928348,70.9%,7.5%,2.7%,60.6%,28.8%,88.8%,30.3%,87%,7.1%,28.8%,40.855698,-73.882715,0.0,70,3,31,,,,
158,X268,2759241,2827019,82.7%,6.5%,2.0%,85.9%,5.2%,86.8%,36.2%,84%,88.5%,3.5%,40.870293,-73.898309,0.0,61,26,31,366.0,311.0,310.0,50.7%
159,X284,2288656,2247419,81.9%,2.1%,2.6%,64.8%,30.3%,82.0%,54.4%,77%,8.9%,24.6%,40.877105,-73.912256,0.0,77,11,7,384.0,394.0,366.0,48.3%
160,X342,3498750,3392876,85.7%,0.0%,0.5%,99.5%,0.0%,93.1%,19.7%,87%,67.2%,6.9%,40.870293,-73.898309,0.0,83,8,23,390.0,387.0,379.0,19.2%
161,X351,0,874979,85.5%,1.3%,4.9%,62.3%,29.6%,71.6%,96.5%,86%,16.1%,22.9%,40.882178,-73.88691,0.0,78,11,36,,,,
162,X353,0,874979,80.9%,1.2%,1.2%,68.8%,27.7%,89.6%,36.0%,84%,34.7%,22.5%,40.882178,-73.88691,0.0,74,8,9,,,,
163,X368,5483136,5526196,74.9%,2.8%,3.4%,82.8%,10.8%,92.7%,21.3%,81%,9.2%,17.2%,40.879368,-73.909896,3.56,79,4,20,426.0,419.0,404.0,85.9%
164,X374,2247577,2517513,76.6%,2.5%,2.1%,61.4%,32.2%,85.1%,48.4%,88%,15.0%,22.4%,40.860043,-73.888267,0.0,105,2,7,408.0,417.0,404.0,66.7%
165,X433,2622001,2638931,80.7%,1.9%,2.7%,74.5%,20.4%,82.2%,48.7%,84%,21.2%,24.7%,40.870293,-73.898309,0.0,88,11,12,372.0,361.0,369.0,46.5%
166,X434,2686473,2662383,73.5%,2.2%,1.9%,65.6%,30.0%,89.8%,31.4%,84%,6.3%,15.4%,40.860043,-73.888267,0.0,94,4,8,413.0,408.0,402.0,55.3%
167,X437,2532638,2570546,75.4%,1.0%,2.5%,65.1%,30.9%,92.6%,23.0%,89%,4.0%,19.5%,40.860043,-73.888267,0.0,84,2,1,398.0,404.0,412.0,56.2%
168,X438,3233209,3283935,85.5%,1.8%,2.7%,67.8%,27.6%,83.4%,50.5%,79%,16.7%,28.8%,40.860043,-73.888267,0.0,53,7,1,355.0,373.0,368.0,44.3%
169,X439,2548147,2538321,86.3%,1.3%,1.8%,70.9%,24.4%,83.4%,51.5%,81%,15.1%,27.1%,40.860043,-73.888267,0.0,77,2,5,401.0,402.0,386.0,64.8%
170,X440,17718788,15555838,74.9%,8.6%,3.6%,54.5%,31.6%,81.2%,45.8%,79%,21.7%,18.6%,40.882178,-73.88691,0.0,179,56,25,445.0,436.0,433.0,31.8%
171,X442,2513533,2580729,74.1%,1.4%,1.2%,70.0%,25.3%,89.6%,34.1%,79%,2.6%,14.0%,40.870293,-73.898309,0.0,90,3,2,417.0,434.0,425.0,75.6%
172,X445,14472811,14311773,29.8%,62.8%,22.1%,5.5%,2.6%,97.0%,5.5%,87%,0.0%,1.3%,40.87759000000001,-73.89104,14.5,716,2,1,714.0,660.0,667.0,97.0%
173,X477,2351661,2243186,76.0%,8.9%,5.1%,61.0%,24.5%,93.9%,16.1%,89%,29.6%,9.1%,40.877105,-73.912256,0.0,89,1,8,451.0,417.0,423.0,92.9%
174,X524,1106920,1725371,83.2%,1.8%,1.8%,85.7%,10.4%,87.8%,40.5%,83%,87.2%,4.8%,40.855698,-73.882715,0.0,60,28,2,,,,0.0%
175,X546,2665524,2569191,78.8%,0.5%,1.6%,67.1%,30.1%,80.9%,61.6%,75%,10.0%,23.8%,40.877105,-73.912256,0.0,54,10,2,382.0,384.0,390.0,66.7%
176,X549,2985459,2965981,78.7%,2.5%,2.3%,77.2%,17.4%,85.6%,36.2%,84%,20.9%,25.5%,40.870293,-73.898309,0.0,87,11,4,432.0,396.0,395.0,39.9%
177,X565,940705,1491615,81.8%,1.3%,1.0%,70.1%,26.7%,85.9%,39.7%,84%,7.7%,21.2%,40.855698,-73.882715,0.0,76,6,16,,,,
178,X696,2606821,2543969,22.7%,23.1%,50.8%,15.2%,4.0%,96.6%,4.5%,91%,0.0%,3.5%,40.873938,-73.895382,1.09,91,0,0,669.0,672.0,672.0,91.8%
179,X249,1739845,1804995,62.5%,7.5%,2.7%,34.5%,51.9%,92.5%,19.3%,80%,3.2%,9.6%,40.874091,-73.833904,0.0,66,1,1,407.0,421.0,427.0,87.1%
180,X253,2160672,2228022,75.1%,3.3%,1.3%,49.1%,45.0%,83.4%,50.2%,84%,7.5%,23.9%,40.875953,-73.86197,0.0,56,16,15,380.0,437.0,425.0,38.1%
181,X265,2413276,2437678,76.8%,3.6%,1.5%,54.4%,39.9%,86.4%,37.6%,73%,6.6%,19.3%,40.875953,-73.86197,0.0,61,16,19,407.0,416.0,401.0,77.4%
182,X270,2918983,2520145,66.1%,3.2%,1.1%,30.5%,63.6%,84.9%,46.1%,77%,5.4%,24.0%,40.887831,-73.852694,0.0,77,13,9,392.0,408.0,400.0,63.4%
183,X275,3347398,3485264,75.3%,4.9%,1.2%,58.0%,34.4%,86.5%,32.0%,87%,7.4%,24.2%,40.875953,-73.86197,0.0,100,9,29,396.0,399.0,377.0,65.6%
184,X288,3167493,3308944,64.1%,11.6%,9.5%,43.5%,33.8%,88.7%,30.9%,80%,2.9%,16.3%,40.859665,-73.861006,0.0,149,13,8,488.0,461.0,458.0,79.8%
185,X290,2573632,2599875,77.1%,4.7%,1.9%,47.3%,44.7%,89.3%,33.9%,77%,9.5%,22.8%,40.875953,-73.86197,0.0,71,17,7,386.0,380.0,391.0,59.4%
186,X299,2564704,2504155,67.2%,6.5%,10.5%,47.9%,33.4%,88.0%,34.8%,73%,5.0%,23.1%,40.859665,-73.861006,0.0,76,5,17,422.0,417.0,409.0,57.9%
187,X418,2801269,2840249,68.6%,3.7%,6.8%,61.5%,27.3%,86.2%,36.1%,74%,1.7%,26.5%,40.851405,-73.865036,1.76,73,17,9,408.0,428.0,404.0,32.5%
188,X455,8669353,9048200,67.6%,2.4%,2.2%,42.7%,51.6%,89.1%,28.0%,76%,4.8%,18.3%,40.874091,-73.833904,0.0,411,61,41,400.0,401.0,391.0,41.5%
189,X508,1378519,2108391,69.0%,3.0%,9.4%,57.1%,28.8%,84.7%,45.3%,80%,2.6%,18.7%,40.859665,-73.861006,0.0,82,8,9,418.0,432.0,436.0,72.5%
190,X509,1193414,1812549,76.3%,16.7%,11.0%,57.6%,11.9%,89.0%,36.3%,80%,73.7%,3.1%,40.859665,-73.861006,0.0,60,14,6,356.0,340.0,320.0,72.7%
191,X513,2479003,2672612,79.7%,13.7%,7.6%,66.2%,9.3%,90.6%,33.3%,85%,62.5%,5.6%,40.887831,-73.852694,0.0,63,2,5,407.0,363.0,358.0,93.0%
192,X514,2483527,2512643,65.5%,3.3%,3.8%,28.8%,61.9%,90.9%,24.5%,78%,6.4%,23.9%,40.887831,-73.852694,0.0,65,16,16,392.0,408.0,392.0,43.3%
193,X542,2643547,2587309,58.3%,5.5%,6.5%,48.9%,35.6%,92.8%,19.3%,82%,2.0%,19.0%,40.859665,-73.861006,0.0,122,5,5,420.0,433.0,425.0,77.0%
194,X544,2678193,2598770,78.8%,0.8%,1.0%,59.2%,38.1%,78.8%,60.4%,66%,7.7%,29.0%,40.875953,-73.86197,0.0,89,8,22,367.0,381.0,361.0,41.0%
195,X545,2710659,2399219,75.2%,2.3%,2.1%,64.5%,29.2%,80.7%,41.6%,77%,11.6%,31.8%,40.875953,-73.86197,0.0,56,22,9,403.0,410.0,393.0,50.5%
196,X242,3210947,3674363,79.5%,4.2%,1.7%,70.6%,22.2%,89.8%,38.4%,89%,5.8%,23.0%,40.831416,-73.877785,0.0,88,3,8,430.0,422.0,414.0,77.5%
197,X248,2011595,1938876,82.8%,0.9%,0.3%,74.8%,21.5%,82.7%,55.7%,86%,21.8%,27.6%,40.82731500000001,-73.897612,0.0,45,16,40,387.0,388.0,386.0,65.9%
198,X251,2331204,2403100,81.4%,0.8%,2.0%,69.8%,27.1%,82.4%,55.7%,83%,18.2%,23.5%,40.8359,-73.890458,0.0,77,9,14,377.0,372.0,365.0,43.0%
199,X267,2600089,2761555,83.5%,1.7%,0.0%,77.1%,21.2%,90.0%,33.2%,91%,13.5%,20.9%,40.827743,-73.90010500000002,0.0,76,1,4,394.0,381.0,363.0,81.0%
200,X271,3466526,3508795,85.3%,3.0%,0.5%,71.0%,25.4%,81.3%,59.2%,84%,10.9%,30.6%,40.836356,-73.888361,1.76,72,5,18,418.0,406.0,408.0,41.1%
201,X372,2863387,3366683,80.9%,2.2%,2.2%,69.4%,25.3%,83.7%,46.2%,83%,6.7%,21.7%,40.843945,-73.884788,0.0,56,9,7,393.0,397.0,379.0,71.1%
202,X388,2507601,2550441,71.3%,0.0%,0.0%,100.0%,0.0%,88.8%,32.8%,98%,92.3%,2.6%,40.831601,-73.878912,0.0,76,15,6,317.0,315.0,292.0,65.6%
203,X478,1640104,1869371,72.3%,3.8%,4.1%,69.8%,21.9%,90.0%,38.3%,82%,3.3%,8.3%,40.831416,-73.877785,0.0,60,1,7,430.0,449.0,448.0,88.3%
204,X479,2211268,2367606,85.4%,0.9%,0.6%,56.8%,40.5%,79.3%,62.8%,85%,15.3%,29.1%,40.827743,-73.90010500000002,0.0,52,21,14,370.0,379.0,381.0,40.7%
205,X511,1094013,1583660,81.5%,2.0%,2.0%,60.3%,34.4%,82.0%,50.7%,77%,13.0%,21.1%,40.8359,-73.890458,0.0,62,13,14,364.0,385.0,366.0,76.5%
206,X521,1339894,1969024,80.7%,2.6%,1.7%,67.3%,26.2%,78.8%,62.5%,88%,13.0%,22.6%,40.831601,-73.878912,0.0,81,17,20,444.0,428.0,422.0,52.0%
207,X550,2310959,2382418,76.6%,8.0%,1.2%,80.2%,8.3%,84.8%,44.8%,80%,84.6%,0.0%,40.831601,-73.878912,0.0,45,21,34,356.0,359.0,347.0,38.2%
208,X682,2857476,2728606,85.3%,0.4%,0.2%,70.4%,28.5%,81.7%,59.3%,86%,8.1%,29.4%,40.83087,-73.88626,1.09,82,24,13,345.0,347.0,339.0,75.0%
209,X684,2708083,2738951,81.3%,0.8%,1.2%,37.9%,58.5%,81.9%,54.6%,74%,3.4%,24.2%,40.841794,-73.875366,1.76,46,18,27,379.0,372.0,373.0,49.2%
210,K265,2674772,2786930,78.2%,0.7%,0.7%,22.8%,73.0%,79.2%,64.0%,81%,3.3%,20.5%,40.696324,-73.97578,0.0,34,1,12,332.0,346.0,350.0,55.1%
211,K350,2435180,2312407,75.1%,0.5%,0.5%,20.7%,77.5%,81.6%,55.7%,79%,2.6%,24.0%,40.697339,-73.985016,0.0,39,0,11,372.0,372.0,361.0,55.1%
212,K412,2295933,2364069,76.7%,1.2%,0.7%,17.8%,78.5%,84.1%,49.9%,84%,5.0%,20.5%,40.692642,-73.958794,0.0,67,14,7,358.0,386.0,380.0,51.7%
213,K419,3008084,3015050,66.2%,6.8%,2.1%,18.4%,70.5%,89.7%,26.8%,74%,4.2%,17.2%,40.697339,-73.985016,0.0,126,6,6,399.0,397.0,386.0,65.9%
214,K430,25291839,25347015,43.8%,60.5%,20.5%,7.6%,7.7%,96.8%,6.4%,85%,0.1%,1.6%,40.688834,-73.976905,7.6,1297,1,24,682.0,608.0,606.0,95.5%
215,K439,2137644,2187188,75.5%,41.7%,13.9%,26.7%,17.7%,93.6%,16.9%,93%,79.4%,2.3%,40.697339,-73.985016,0.0,60,12,5,432.0,334.0,333.0,92.7%
216,K483,2333275,2391842,60.6%,2.0%,0.9%,21.9%,71.4%,91.6%,27.0%,84%,0.7%,14.1%,40.694682,-73.988853,0.0,103,5,3,446.0,443.0,430.0,87.6%
217,K499,3449316,3471953,75.1%,1.0%,1.6%,12.9%,83.5%,79.2%,54.9%,78%,3.4%,27.2%,40.678488,-73.96210500000002,1.76,50,6,12,379.0,395.0,385.0,61.3%
218,K527,2659025,2693873,69.5%,3.5%,4.9%,14.8%,73.6%,90.5%,30.3%,82%,2.5%,15.5%,40.694682,-73.988853,0.0,59,3,6,397.0,415.0,407.0,82.4%
219,K595,2048006,1994793,52.9%,3.0%,0.8%,7.7%,84.6%,95.9%,9.3%,87%,1.1%,11.3%,40.68538,-73.954302,1.09,92,1,1,505.0,464.0,456.0,96.2%
220,K605,5313122,4860198,67.3%,2.5%,2.1%,19.7%,74.4%,85.8%,38.9%,78%,2.2%,18.3%,40.694926,-73.98601500000002,0.0,98,10,22,394.0,422.0,400.0,45.3%
221,K670,3959196,3947165,55.0%,3.4%,0.5%,8.6%,86.4%,89.6%,36.9%,78%,0.1%,5.3%,40.695332,-73.969243,2.49,172,1,6,479.0,484.0,472.0,85.5%
222,K674,2558879,2988304,53.9%,6.6%,3.5%,19.7%,69.7%,88.1%,36.0%,80%,2.4%,20.5%,40.694926,-73.98601500000002,0.0,84,3,22,503.0,477.0,427.0,18.5%
223,K071,4888011,4730316,86.8%,0.3%,2.5%,82.7%,13.6%,86.1%,48.4%,82%,23.1%,27.9%,40.703624,-73.95314599999998,0.0,53,9,14,366.0,356.0,353.0,56.3%
224,K449,2944075,3205349,45.4%,36.1%,13.5%,14.5%,19.4%,94.3%,21.8%,89%,0.1%,2.2%,40.709941,-73.943641,0.0,187,1,6,625.0,588.0,591.0,97.5%
225,K454,2043382,1984258,77.5%,0.7%,1.4%,59.1%,38.0%,83.7%,49.0%,83%,25.4%,22.1%,40.709941,-73.943641,0.0,34,2,5,384.0,398.0,399.0,41.1%
226,K474,5570407,5592137,76.6%,1.0%,0.8%,62.6%,35.1%,82.7%,47.1%,78%,14.3%,18.3%,40.712184,-73.939722,0.0,165,20,30,380.0,377.0,384.0,44.9%
227,K477,3468325,3500786,78.7%,1.0%,1.3%,50.0%,45.8%,77.9%,56.5%,81%,16.6%,18.9%,40.712184,-73.939722,0.0,73,16,21,393.0,390.0,394.0,34.8%
228,K478,5001005,5268530,71.5%,4.0%,2.5%,56.9%,36.1%,89.4%,28.9%,90%,7.5%,16.1%,40.712184,-73.939722,0.0,176,18,18,463.0,446.0,425.0,54.5%
229,K488,2388019,2495598,64.6%,2.4%,2.0%,40.3%,54.7%,89.9%,30.0%,93%,3.6%,17.6%,40.715073,-73.95475400000002,0.0,110,2,7,391.0,406.0,391.0,74.5%
230,K558,2978183,3056538,69.0%,2.4%,4.2%,60.0%,31.6%,92.2%,21.0%,97%,4.2%,26.6%,40.715073,-73.95475400000002,0.0,128,2,1,415.0,424.0,407.0,60.1%
231,K561,3156733,3353861,67.5%,2.6%,10.0%,69.6%,16.4%,90.9%,27.2%,86%,3.2%,15.0%,40.715073,-73.95475400000002,0.0,150,2,5,443.0,440.0,430.0,87.8%
232,K586,3236196,3184060,84.3%,1.8%,2.4%,55.8%,39.8%,79.9%,56.5%,84%,12.8%,21.4%,40.709941,-73.943641,0.0,65,13,15,374.0,376.0,357.0,56.3%
233,K610,3822201,3281122,70.6%,1.6%,2.9%,38.1%,55.9%,80.5%,57.8%,79%,7.0%,29.2%,40.721981,-73.953281,0.0,89,12,12,367.0,381.0,328.0,31.6%
234,K614,1863690,2146119,68.0%,3.3%,0.8%,28.3%,63.8%,92.2%,28.7%,85%,2.1%,15.8%,40.705204,-73.93940699999997,0.0,66,1,1,,,,0.0%
235,K685,1679441,1738858,78.0%,0.0%,1.2%,85.3%,11.8%,85.2%,49.2%,86%,15.5%,24.5%,40.705898,-73.955611,1.23,42,2,8,344.0,380.0,379.0,62.5%
236,K429,2017023,1865431,74.9%,2.4%,6.6%,35.5%,54.8%,84.5%,41.9%,78%,7.8%,25.9%,40.685419,-73.993351,0.0,25,1,0,393.0,381.0,402.0,61.8%
237,K448,4493485,4389207,63.5%,5.8%,9.3%,45.3%,38.5%,84.6%,47.0%,85%,3.3%,27.5%,40.68007,-74.001377,0.0,70,7,14,401.0,411.0,404.0,84.1%
238,K462,2316720,2107752,67.5%,2.0%,3.4%,25.9%,66.4%,86.0%,40.4%,89%,2.0%,14.0%,40.669629,-73.979287,0.0,63,8,8,420.0,424.0,414.0,74.7%
239,K463,1595293,1471923,69.4%,7.4%,6.3%,37.5%,46.7%,80.2%,56.9%,79%,12.6%,20.7%,40.669629,-73.979287,0.0,38,5,16,408.0,435.0,415.0,58.8%
240,K464,2247473,2343921,65.2%,7.9%,3.6%,36.5%,46.4%,89.1%,34.4%,83%,10.5%,19.1%,40.669629,-73.979287,0.0,64,4,10,405.0,377.0,395.0,59.6%
241,K497,2778645,3049124,71.0%,4.2%,9.9%,36.3%,47.9%,86.7%,36.4%,73%,9.3%,13.5%,40.685419,-73.993351,0.0,41,3,19,417.0,406.0,394.0,65.1%
242,K519,3252668,3043381,69.3%,4.5%,4.4%,25.0%,63.8%,82.8%,45.0%,79%,9.1%,21.3%,40.684524,-73.990993,1.76,123,2,9,416.0,420.0,402.0,55.3%
243,K592,816861,884506,64.9%,15.5%,27.6%,6.3%,48.3%,89.8%,26.1%,89%,32.8%,17.8%,40.686499,-73.979649,0.0,56,6,10,,,,
244,K656,4520384,5101508,58.9%,1.7%,2.0%,22.5%,70.3%,91.1%,25.6%,75%,1.3%,11.6%,40.683559,-73.98026999999998,0.0,163,6,15,439.0,441.0,436.0,80.6%
245,K667,7325237,7851093,74.8%,7.3%,6.8%,77.3%,8.5%,85.5%,36.9%,84%,16.4%,22.0%,40.65571,-74.005197,5.55,263,19,22,398.0,380.0,381.0,61.6%
246,K684,1421458,2301665,39.3%,9.5%,31.1%,27.2%,26.0%,93.9%,17.3%,89%,0.5%,11.0%,40.669629,-73.979287,0.0,164,0,0,553.0,551.0,539.0,79.6%
247,K455,5816847,4561453,76.3%,0.9%,1.7%,8.6%,87.2%,78.4%,60.3%,82%,4.9%,25.9%,40.67944,-73.932407,0.0,61,9,9,399.0,392.0,394.0,35.6%
248,K498,2370630,2577526,73.0%,2.5%,1.2%,23.8%,71.1%,90.2%,23.1%,73%,2.7%,17.1%,40.688831,-73.920906,1.76,117,10,11,395.0,401.0,383.0,62.7%
249,K594,1580161,1541985,76.8%,0.9%,1.3%,14.6%,81.9%,77.7%,58.5%,80%,1.8%,23.5%,40.680463,-73.922264,0.0,19,2,0,377.0,396.0,386.0,50.7%
250,K688,1197983,1128763,79.5%,5.9%,2.0%,20.4%,71.7%,80.5%,56.0%,81%,11.2%,30.3%,40.691274,-73.933697,0.0,35,0,7,395.0,382.0,391.0,45.9%
251,K122,1459574,2148860,59.0%,3.0%,0.7%,9.1%,85.6%,92.2%,18.9%,83%,2.1%,15.5%,40.675612,-73.938843,0.0,82,1,26,446.0,442.0,410.0,69.4%
252,K382,2805718,2775869,68.4%,1.7%,0.8%,12.3%,84.6%,82.6%,41.4%,75%,6.4%,19.6%,40.649787,-73.95855,0.0,45,5,12,386.0,397.0,393.0,57.3%
253,K408,1807927,1832463,64.9%,3.5%,1.1%,10.2%,84.6%,82.5%,41.7%,74%,15.8%,23.2%,40.649787,-73.95855,0.0,44,4,2,374.0,385.0,375.0,62.0%
254,K524,2578515,2610446,70.4%,18.4%,13.3%,38.9%,29.0%,87.1%,35.2%,89%,87.4%,7.2%,40.670349,-73.96169499999998,0.0,74,12,18,344.0,302.0,300.0,81.7%
255,K528,1701154,1522523,64.2%,1.6%,2.8%,13.0%,82.1%,87.4%,33.1%,84%,14.6%,15.4%,40.670349,-73.96169499999998,0.0,39,6,4,377.0,386.0,375.0,61.9%
256,K531,2140222,2239108,68.7%,1.4%,1.0%,6.5%,90.7%,91.3%,23.5%,86%,5.2%,17.5%,40.658893,-73.942458,0.0,98,5,13,398.0,411.0,400.0,60.8%
257,K537,2110048,2089578,65.9%,2.3%,2.1%,8.9%,85.4%,88.6%,35.4%,80%,7.3%,23.4%,40.649787,-73.95855,0.0,103,11,11,360.0,382.0,359.0,63.2%
258,K539,2326240,2294704,64.0%,2.7%,2.0%,10.6%,82.5%,86.5%,36.3%,76%,8.5%,19.3%,40.649787,-73.95855,0.0,95,19,6,377.0,382.0,356.0,45.5%
259,K543,2561359,2472627,53.6%,4.0%,0.9%,6.4%,87.1%,95.5%,13.0%,89%,0.0%,4.0%,40.649787,-73.95855,0.0,68,2,4,496.0,491.0,484.0,91.5%
260,K546,1997720,2075544,61.5%,5.3%,1.1%,17.4%,75.8%,92.4%,19.0%,88%,1.5%,10.1%,40.658893,-73.942458,0.0,108,2,6,468.0,454.0,464.0,95.4%
261,K547,2571865,2702791,67.2%,5.3%,1.3%,12.6%,80.1%,91.0%,23.6%,78%,7.1%,16.1%,40.670349,-73.96169499999998,0.0,58,9,17,419.0,411.0,416.0,58.5%
262,K548,2271999,2239945,70.8%,0.8%,0.8%,15.8%,82.6%,88.7%,32.1%,75%,0.8%,16.1%,40.670349,-73.96169499999998,0.0,61,6,10,382.0,393.0,377.0,72.2%
263,K590,4695223,4989211,46.4%,2.9%,0.6%,3.3%,90.9%,94.4%,15.1%,79%,0.6%,4.2%,40.667195,-73.951167,3.56,202,0,4,525.0,500.0,481.0,89.0%
264,K600,8251749,8452622,62.6%,1.8%,0.9%,5.7%,89.5%,88.0%,31.2%,73%,9.5%,16.8%,40.669567,-73.961962,6.51,213,8,52,408.0,424.0,407.0,55.0%
265,K745,761741,1230222,64.5%,1.6%,0.4%,3.2%,94.1%,93.8%,14.5%,85%,6.7%,19.4%,40.658893,-73.942458,0.0,75,1,1,,,,
266,K751,1613606,2181074,70.6%,1.6%,0.8%,8.8%,85.5%,84.4%,48.9%,76%,2.7%,13.9%,40.675612,-73.938843,0.0,68,3,14,406.0,405.0,396.0,48.1%
267,K563,2515612,2682917,58.0%,0.5%,1.1%,5.7%,90.3%,91.8%,19.7%,82%,19.6%,12.9%,40.648657,-73.92217099999998,0.0,135,4,11,364.0,374.0,361.0,62.2%
268,K566,1920693,1790751,60.7%,1.7%,1.4%,8.7%,85.0%,91.5%,24.7%,83%,8.0%,24.5%,40.633285,-73.916735,0.0,31,7,4,392.0,406.0,403.0,50.0%
269,K567,2169711,2209046,72.5%,0.5%,1.8%,13.2%,82.0%,84.7%,42.8%,80%,3.8%,18.2%,40.633285,-73.916735,0.0,65,5,9,379.0,393.0,373.0,69.1%
270,K569,1841013,1778175,58.6%,1.2%,0.3%,6.7%,91.2%,90.9%,23.3%,84%,3.8%,20.5%,40.648657,-73.92217099999998,0.0,82,5,14,378.0,394.0,388.0,72.6%
271,K576,1952620,2033985,60.8%,0.9%,1.2%,6.3%,88.8%,90.9%,27.5%,89%,1.8%,19.9%,40.633285,-73.916735,0.0,87,6,10,386.0,408.0,402.0,72.7%
272,K617,2137762,2153143,60.4%,1.3%,2.6%,9.6%,85.8%,86.8%,37.1%,85%,5.9%,19.8%,40.641474,-73.89825400000002,0.0,35,6,17,390.0,410.0,397.0,59.1%
273,K629,2029460,2068616,58.6%,0.6%,0.6%,8.5%,90.4%,83.6%,43.5%,79%,5.9%,22.1%,40.648657,-73.92217099999998,0.0,71,3,15,382.0,395.0,384.0,57.3%
274,K633,2480216,2407144,63.4%,2.8%,0.2%,13.2%,81.9%,91.8%,25.5%,81%,2.3%,14.1%,40.641474,-73.89825400000002,0.0,102,1,9,404.0,427.0,424.0,60.2%
275,K637,1772800,1845789,64.7%,1.6%,1.3%,9.7%,86.0%,84.6%,50.3%,80%,7.1%,23.1%,40.633285,-73.916735,0.0,62,8,3,381.0,397.0,390.0,50.8%
276,K642,1889814,1975587,60.1%,2.9%,4.2%,12.3%,79.0%,83.6%,51.5%,80%,10.7%,20.1%,40.641474,-73.89825400000002,0.0,42,8,30,362.0,396.0,393.0,44.9%
277,K404,2018245,2417963,70.5%,1.5%,1.2%,21.9%,73.1%,89.0%,37.8%,78%,1.0%,16.4%,40.657459,-73.874756,0.0,57,3,5,382.0,413.0,391.0,81.2%
278,K409,2272186,2535744,71.6%,2.2%,0.4%,29.5%,67.6%,88.0%,39.9%,80%,2.5%,14.4%,40.661072,-73.886942,1.09,46,3,7,464.0,451.0,421.0,66.7%
279,K502,1971743,1799879,77.2%,1.2%,1.9%,24.4%,71.6%,80.6%,51.1%,83%,4.6%,25.9%,40.667456,-73.894747,0.0,67,10,12,365.0,369.0,357.0,47.7%
280,K504,2091719,1999595,74.1%,0.3%,1.9%,22.9%,74.0%,75.4%,66.6%,87%,7.8%,28.5%,40.667456,-73.894747,0.0,54,24,18,391.0,373.0,376.0,26.4%
281,K507,2324980,2172255,76.3%,0.2%,0.5%,18.2%,80.8%,81.2%,55.6%,78%,2.5%,20.7%,40.667456,-73.894747,0.0,74,5,11,375.0,393.0,394.0,39.8%
282,K510,1954647,1838404,71.0%,2.5%,1.4%,19.0%,75.7%,81.2%,52.4%,78%,11.3%,23.6%,40.667456,-73.894747,0.0,41,5,10,380.0,389.0,384.0,40.9%
283,K583,2419635,2295145,72.8%,0.0%,0.4%,99.6%,0.0%,84.8%,49.8%,84%,90.0%,2.2%,40.691146,-73.868328,0.0,51,10,2,319.0,323.0,284.0,28.6%
284,K615,6583204,6542574,72.4%,6.1%,1.3%,27.2%,63.6%,85.6%,35.4%,74%,4.8%,23.6%,40.678276,-73.87595999999998,3.56,154,15,27,387.0,387.0,384.0,37.2%
285,K618,2631544,2674370,68.9%,5.3%,1.2%,45.5%,45.5%,82.3%,53.9%,86%,9.9%,24.2%,40.691146,-73.868328,0.0,81,6,7,395.0,376.0,359.0,57.4%
286,K639,2303496,2570703,80.7%,5.4%,0.9%,56.9%,35.6%,73.6%,61.6%,77%,17.7%,23.4%,40.691146,-73.868328,0.0,54,13,11,383.0,376.0,370.0,46.8%
287,K659,2202319,2163129,77.2%,4.5%,3.3%,71.2%,19.7%,78.3%,55.1%,79%,20.9%,18.8%,40.691146,-73.868328,0.0,43,5,2,365.0,370.0,362.0,53.8%
288,K660,2671223,2446355,81.8%,1.0%,0.6%,28.1%,69.6%,73.4%,64.4%,82%,5.9%,30.0%,40.674135,-73.89643000000002,1.09,85,13,9,326.0,333.0,350.0,38.5%
289,K683,1916908,1906137,76.4%,7.8%,4.2%,26.0%,60.7%,83.9%,47.5%,84%,13.6%,21.8%,40.670724,-73.874208,0.0,65,13,9,387.0,391.0,383.0,52.8%
290,K445,15966399,16049372,67.1%,38.6%,27.6%,29.0%,4.0%,88.3%,28.5%,81%,20.1%,16.6%,40.613262,-74.003404,0.0,703,68,116,488.0,422.0,417.0,63.2%
291,K485,6436868,6574287,63.6%,18.0%,16.3%,56.7%,7.7%,93.3%,18.2%,88%,6.5%,22.1%,40.637282,-74.023849,5.55,286,4,24,475.0,440.0,445.0,81.6%
292,K490,20629453,20874196,62.8%,30.1%,34.1%,29.2%,4.5%,93.3%,17.0%,81%,18.3%,14.6%,40.627835,-74.04004599999998,7.6,902,96,113,513.0,456.0,451.0,68.7%
293,K505,15658893,15624758,71.6%,40.1%,18.6%,29.3%,11.5%,85.0%,39.9%,83%,34.4%,13.7%,40.620446,-73.98179499999998,0.0,520,71,143,504.0,411.0,407.0,54.0%
294,K609,2472844,2649039,71.0%,46.5%,15.0%,20.4%,17.5%,90.8%,33.1%,88%,10.2%,13.7%,40.634875,-73.981528,0.0,78,2,4,428.0,413.0,417.0,83.6%
295,K337,2105547,2192191,68.2%,41.1%,25.7%,24.0%,8.7%,90.8%,28.5%,85%,81.0%,2.5%,40.594291,-73.98577,0.0,56,13,11,424.0,343.0,337.0,84.3%
296,K344,2614063,2608121,60.1%,10.2%,43.6%,22.3%,22.5%,86.1%,43.6%,83%,10.5%,18.9%,40.58253300000001,-73.97313199999998,0.0,124,8,26,436.0,430.0,421.0,68.4%
297,K348,1818079,1863850,70.3%,3.8%,5.5%,16.9%,72.4%,80.9%,53.7%,84%,4.1%,19.0%,40.594291,-73.98577,0.0,24,3,6,367.0,374.0,361.0,56.2%
298,K410,11846394,11384454,65.8%,15.1%,20.1%,23.7%,39.8%,82.8%,46.1%,80%,13.4%,15.4%,40.581681,-73.967308,0.0,369,53,63,441.0,422.0,422.0,54.9%
299,K468,2740837,2806199,56.4%,6.6%,42.5%,24.3%,25.7%,91.3%,26.6%,77%,0.9%,14.5%,40.594291,-73.98577,0.0,88,0,0,474.0,462.0,449.0,65.8%
300,K525,18988764,19078425,53.5%,26.6%,26.7%,21.7%,22.6%,91.5%,19.6%,84%,7.2%,16.9%,40.620525,-73.959285,7.6,781,21,93,500.0,479.0,472.0,75.2%
301,K540,9581810,8738449,67.3%,35.8%,13.7%,20.7%,28.6%,85.5%,25.5%,79%,22.6%,12.6%,40.589268,-73.981738,8.48,475,40,55,512.0,418.0,396.0,62.7%
302,K559,1602830,1716319,67.5%,7.4%,13.7%,26.6%,51.7%,88.4%,37.6%,89%,2.2%,23.2%,40.594291,-73.98577,0.0,57,1,5,369.0,379.0,378.0,70.2%
303,K572,1541310,1572300,63.5%,15.5%,23.2%,42.1%,17.3%,87.7%,43.5%,90%,17.3%,16.6%,40.594291,-73.98577,0.0,63,0,8,420.0,396.0,396.0,75.0%
304,K620,4528893,3979985,66.6%,5.4%,6.4%,18.1%,68.7%,82.3%,40.3%,77%,5.5%,28.9%,40.582585,-73.963477,0.0,99,16,22,416.0,423.0,387.0,31.4%
305,K690,4780455,4708262,60.8%,16.2%,53.3%,25.0%,5.1%,89.6%,31.7%,82%,10.0%,18.9%,40.604879,-73.994404,2.49,132,13,18,458.0,434.0,434.0,67.8%
306,K405,16563540,16674919,51.7%,33.7%,23.3%,12.5%,29.8%,93.9%,17.0%,86%,3.3%,6.7%,40.633237,-73.952929,14.5,781,19,45,550.0,514.0,516.0,85.7%
307,K425,14692914,14816325,51.5%,21.2%,44.3%,16.7%,17.4%,92.2%,17.2%,77%,10.4%,13.6%,40.609912,-73.948512,14.5,675,48,90,492.0,450.0,444.0,69.0%
308,K535,4855998,5349041,36.2%,18.7%,59.1%,10.6%,10.2%,96.1%,8.8%,85%,0.6%,12.9%,40.580894,-73.935952,3.56,248,0,16,563.0,534.0,543.0,94.0%
309,K555,2985650,2894073,45.9%,7.9%,4.6%,9.1%,72.2%,95.9%,9.1%,88%,0.2%,6.0%,40.649404,-73.97173599999998,1.76,141,0,1,502.0,495.0,493.0,98.1%
310,K611,0,855815,68.7%,12.7%,22.5%,21.6%,42.3%,88.8%,38.5%,85%,16.9%,13.6%,40.594124,-73.937696,0.0,95,3,10,,,,
311,K493,2330229,2154137,69.8%,1.4%,0.3%,9.6%,87.5%,79.1%,58.3%,80%,2.5%,23.8%,40.674103,-73.913273,0.0,60,1,9,394.0,395.0,399.0,64.4%
312,K514,1803535,1627646,71.0%,0.0%,0.3%,11.3%,88.1%,78.1%,52.8%,80%,2.2%,27.6%,40.665878,-73.911705,0.0,35,12,13,400.0,407.0,394.0,65.4%
313,K644,2469885,2923319,68.5%,0.0%,1.9%,11.9%,85.3%,90.9%,30.8%,85%,1.9%,21.5%,40.677805,-73.91584300000002,0.0,82,2,5,,,,0.0%
314,K697,2731020,2533097,71.2%,0.3%,0.6%,15.7%,83.0%,81.5%,43.9%,76%,3.1%,22.6%,40.665878,-73.911705,0.0,43,0,13,394.0,399.0,412.0,56.6%
315,Q236,0,842516,61.9%,21.4%,8.8%,63.5%,5.7%,92.7%,24.6%,90%,86.8%,0.6%,40.741122,-73.874721,0.0,50,23,17,,,,
316,Q264,2191979,2184720,50.9%,22.0%,15.3%,51.9%,7.1%,92.8%,20.7%,87%,4.6%,10.9%,40.745095,-73.936635,0.0,122,0,4,489.0,456.0,459.0,92.7%
317,Q267,2228714,2313239,55.7%,15.9%,13.5%,54.4%,12.6%,88.2%,29.6%,83%,6.2%,13.8%,40.745095,-73.936635,0.0,87,3,9,435.0,437.0,441.0,70.9%
318,Q293,2574836,2485711,64.0%,9.8%,5.6%,71.8%,7.9%,90.2%,30.4%,90%,4.6%,15.7%,40.74373,-73.870642,0.0,112,4,5,435.0,424.0,418.0,68.9%
319,Q296,2451671,2472233,58.9%,0.3%,0.0%,99.7%,0.0%,89.7%,28.6%,87%,78.6%,3.7%,40.74373,-73.870642,0.0,84,5,5,340.0,320.0,318.0,31.9%
320,Q299,3133138,3165239,30.7%,34.2%,34.5%,17.0%,11.4%,97.4%,3.4%,92%,0.0%,1.1%,40.745095,-73.936635,0.0,150,0,1,631.0,598.0,610.0,94.1%
321,Q455,11276871,10546069,57.1%,24.0%,4.3%,61.4%,8.3%,86.6%,33.8%,85%,28.0%,11.8%,40.741122,-73.874721,0.0,465,55,114,434.0,401.0,389.0,39.1%
322,Q485,9591053,8701925,61.2%,9.7%,18.9%,65.7%,4.5%,82.2%,47.0%,77%,21.2%,16.8%,40.711033,-73.908814,8.48,259,45,89,452.0,422.0,416.0,38.9%
323,Q520,2608386,2655811,59.2%,8.4%,7.0%,79.6%,4.7%,92.8%,21.1%,87%,0.0%,15.4%,40.744412,-73.93364,0.0,95,0,13,377.0,389.0,377.0,48.7%
324,Q530,3008181,2991303,61.9%,39.3%,13.0%,45.0%,2.6%,91.6%,23.7%,94%,63.1%,1.6%,40.744412,-73.93364,0.0,95,7,16,425.0,367.0,365.0,71.7%
325,Q550,4350674,4365383,63.2%,10.2%,4.1%,77.2%,7.8%,90.4%,30.0%,90%,7.6%,15.1%,40.737427,-73.853178,0.0,187,2,10,413.0,405.0,393.0,76.7%
326,Q585,2630753,3685859,41.0%,17.5%,35.8%,44.6%,2.0%,92.4%,24.7%,84%,2.0%,11.5%,40.729939,-73.88748199999998,2.49,239,1,3,476.0,471.0,480.0,90.0%
327,Q600,7453345,7594452,59.6%,12.1%,7.3%,74.6%,5.8%,90.7%,22.8%,82%,3.8%,13.9%,40.742205,-73.928219,6.51,309,4,41,467.0,436.0,432.0,53.4%
328,Q610,11242359,11065008,53.9%,30.9%,11.0%,49.0%,6.3%,95.1%,10.3%,83%,2.6%,9.1%,40.743509,-73.929076,13.67,448,4,17,511.0,464.0,456.0,78.6%
329,Q240,0,915486,49.3%,20.0%,12.7%,52.4%,13.8%,90.7%,26.5%,81%,13.5%,18.5%,40.765166,-73.82789,0.0,98,5,8,,,,
330,Q241,0,1050403,57.5%,61.0%,2.4%,23.9%,10.2%,93.8%,19.9%,94%,37.6%,4.9%,40.765166,-73.82789,0.0,98,0,3,,,,
331,Q252,2924512,2882201,44.3%,36.2%,19.2%,21.8%,19.5%,94.2%,17.5%,85%,1.3%,11.4%,40.724458,-73.810216,0.0,65,3,0,516.0,493.0,486.0,88.2%
332,Q263,2514041,2529610,55.9%,55.6%,2.5%,38.4%,2.5%,92.1%,25.0%,90%,81.7%,2.3%,40.759844,-73.820548,0.0,77,14,18,481.0,323.0,323.0,67.7%
333,Q281,3306057,3361652,53.8%,60.7%,5.3%,18.3%,14.9%,91.3%,29.2%,84%,10.1%,11.4%,40.749545,-73.822073,0.0,80,3,2,521.0,457.0,451.0,89.4%
334,Q285,3127002,3071670,29.3%,15.8%,50.3%,22.7%,9.1%,92.3%,23.8%,83%,0.3%,20.3%,40.765133,-73.790083,0.0,69,0,2,484.0,491.0,487.0,89.2%
335,Q425,16466027,16606997,57.3%,29.4%,4.5%,46.0%,18.4%,82.4%,41.6%,78%,20.2%,13.0%,40.738139,-73.82494399999999,14.5,675,70,125,467.0,422.0,425.0,62.1%
336,Q460,14411852,13743414,55.4%,20.3%,3.7%,51.1%,23.7%,83.0%,45.8%,75%,20.7%,13.9%,40.765166,-73.82789,0.0,238,66,72,444.0,407.0,405.0,46.1%
337,Q525,5659072,5863919,27.4%,58.6%,21.9%,11.6%,6.3%,97.6%,2.9%,91%,0.0%,1.4%,40.73439000000001,-73.821392,3.56,290,1,0,680.0,640.0,661.0,97.1%
338,Q670,3721823,3724631,57.5%,31.2%,18.3%,35.5%,13.0%,92.1%,24.8%,83%,10.3%,19.0%,40.725603,-73.81069699999998,1.76,147,4,30,460.0,426.0,423.0,67.3%
339,Q415,16603131,16665571,35.5%,44.1%,14.9%,19.4%,20.3%,93.3%,18.5%,81%,4.7%,10.8%,40.752333,-73.75599,14.5,790,35,63,563.0,505.0,510.0,75.6%
340,Q430,19732960,19750388,41.4%,53.9%,14.9%,23.1%,7.4%,93.3%,17.2%,90%,11.3%,13.2%,40.740724,-73.79283000000002,7.6,1034,43,90,562.0,483.0,485.0,80.7%
341,Q435,10666112,10825456,49.1%,27.0%,3.6%,13.0%,52.7%,84.4%,42.8%,74%,10.9%,11.8%,40.733066,-73.73875600000002,13.67,218,24,29,397.0,396.0,391.0,40.0%
342,Q495,14387224,14291896,37.6%,40.3%,18.1%,27.9%,13.0%,93.1%,20.2%,79%,4.9%,14.1%,40.771755,-73.78029599999998,14.5,892,1,10,523.0,479.0,485.0,76.7%
343,Q566,5984635,5875235,32.1%,24.8%,8.4%,17.5%,48.1%,92.0%,25.1%,80%,1.9%,19.9%,40.746088,-73.727535,3.56,223,4,17,453.0,434.0,439.0,72.4%
344,Q260,2122872,2190991,70.5%,1.5%,0.7%,37.9%,59.7%,82.5%,46.0%,76%,8.6%,21.3%,40.60201,-73.762795,0.0,49,21,39,410.0,418.0,407.0,30.1%
345,Q262,3162410,3124405,55.1%,6.0%,10.7%,29.1%,53.2%,90.4%,34.4%,88%,1.9%,14.0%,40.586066,-73.822624,0.0,124,1,3,427.0,430.0,423.0,76.6%
346,Q302,1878720,1886568,61.1%,4.2%,2.1%,43.6%,49.1%,86.0%,44.7%,79%,18.6%,17.8%,40.60201,-73.762795,0.0,77,13,2,372.0,362.0,352.0,44.6%
347,Q308,2892354,2929322,49.6%,29.4%,17.6%,41.7%,7.3%,92.1%,27.4%,87%,2.8%,15.1%,40.67124,-73.845141,0.0,145,1,3,426.0,435.0,424.0,85.1%
348,Q309,3248639,3473053,66.7%,6.6%,2.7%,37.7%,50.1%,83.7%,46.0%,84%,8.5%,16.8%,40.60201,-73.762795,0.0,84,7,4,422.0,424.0,415.0,67.6%
349,Q323,4715370,5086535,40.3%,21.4%,34.7%,19.6%,22.7%,95.3%,13.1%,92%,0.0%,1.2%,40.58410900000001,-73.825711,5.55,148,0,0,588.0,560.0,568.0,99.2%
350,Q324,2030465,2352406,68.2%,3.5%,14.7%,30.2%,46.7%,78.2%,60.1%,79%,5.2%,19.8%,40.586066,-73.822624,0.0,65,13,8,357.0,381.0,376.0,38.5%
351,Q351,1422831,2163489,68.8%,5.0%,3.8%,33.5%,52.6%,80.8%,49.1%,77%,5.5%,21.4%,40.586066,-73.822624,0.0,62,14,16,399.0,403.0,405.0,46.5%
352,Q400,4784108,5074960,58.1%,7.5%,1.5%,13.0%,75.4%,78.9%,59.3%,75%,6.8%,21.4%,40.67563300000001,-73.783342,0.0,71,14,10,366.0,372.0,364.0,26.3%
353,Q475,11867704,11381048,59.6%,31.4%,5.4%,48.2%,13.6%,85.3%,41.9%,79%,21.3%,16.0%,40.695888,-73.833681,0.0,372,86,60,413.0,406.0,399.0,37.9%
354,Q475,11867704,11381048,59.6%,31.4%,5.4%,48.2%,13.6%,85.3%,41.9%,79%,21.3%,16.0%,40.693006,-73.82940699999997,0.0,372,86,60,413.0,406.0,399.0,37.9%
355,Q480,15486668,14955632,59.1%,31.0%,2.9%,37.9%,23.9%,82.5%,46.9%,76%,19.4%,15.6%,40.679639,-73.837298,0.0,385,73,60,418.0,401.0,395.0,38.4%
356,Q650,4969027,5067809,46.1%,35.5%,12.3%,35.6%,10.7%,94.3%,15.1%,88%,0.4%,11.2%,40.689591,-73.840717,2.49,245,4,5,489.0,457.0,451.0,78.9%
357,Q167,2737255,3360543,39.7%,14.0%,27.4%,37.3%,16.5%,94.6%,13.0%,85%,1.4%,18.5%,40.711367,-73.856698,0.0,107,0,3,,,,
358,Q284,2784351,2992102,42.8%,28.7%,1.2%,10.3%,58.0%,96.2%,8.7%,88%,0.0%,7.9%,40.69719,-73.787192,0.0,82,1,1,496.0,481.0,473.0,92.9%
359,Q310,3673258,3818739,54.9%,24.8%,4.1%,16.1%,53.4%,86.3%,37.6%,83%,9.1%,12.3%,40.713218,-73.797237,0.0,98,2,11,455.0,439.0,441.0,74.8%
360,Q325,2040618,2601025,59.8%,27.8%,3.0%,24.4%,37.7%,86.3%,39.6%,87%,10.8%,10.8%,40.713218,-73.797237,0.0,99,6,7,409.0,399.0,404.0,62.6%
361,Q328,1766499,2235466,56.3%,22.7%,4.5%,26.6%,42.3%,83.0%,52.0%,91%,15.6%,15.1%,40.713218,-73.797237,0.0,112,2,6,415.0,392.0,386.0,72.3%
362,Q350,1717784,2226334,47.8%,40.7%,2.3%,10.9%,42.6%,90.7%,29.6%,86%,9.3%,9.9%,40.713218,-73.797237,0.0,111,9,11,487.0,460.0,463.0,78.6%
363,Q440,17512696,17346269,45.2%,24.6%,30.0%,33.8%,9.6%,91.1%,23.2%,81%,5.7%,12.8%,40.729402,-73.845637,14.5,950,18,72,517.0,485.0,483.0,72.8%
364,Q505,14028105,14147097,52.8%,34.5%,3.8%,28.8%,30.3%,90.0%,28.0%,100%,13.7%,10.3%,40.709446,-73.80166,14.5,599,78,148,448.0,432.0,426.0,51.8%
365,Q620,11356717,11052015,44.7%,49.0%,4.2%,22.4%,20.9%,93.8%,15.8%,80%,0.9%,11.2%,40.715389,-73.80036899999998,13.67,451,11,21,514.0,473.0,470.0,80.0%
366,Q680,4027022,4153234,41.0%,43.3%,2.9%,14.2%,38.2%,95.5%,9.6%,82%,0.2%,6.8%,40.718831,-73.806499,2.49,97,1,2,524.0,511.0,514.0,92.5%
367,Q686,5279475,6225853,41.0%,11.0%,35.7%,46.9%,4.2%,91.1%,26.1%,85%,3.2%,15.5%,40.711367,-73.856698,0.0,237,6,18,460.0,448.0,449.0,76.4%
368,Q687,2498141,2608121,31.1%,75.4%,6.1%,10.6%,7.0%,96.9%,4.7%,94%,0.0%,0.0%,40.701049,-73.798151,1.09,110,0,1,701.0,621.0,625.0,97.9%
369,Q690,2904948,2852768,55.6%,10.4%,1.8%,18.9%,66.4%,92.7%,20.0%,75%,2.2%,18.9%,40.686208,-73.784144,1.76,103,7,19,410.0,431.0,409.0,56.6%
370,Q896,2671148,2787559,49.6%,26.9%,1.9%,19.7%,47.5%,91.1%,30.0%,79%,1.9%,16.3%,40.707527,-73.806412,1.76,73,1,0,415.0,420.0,433.0,90.4%
371,Q243,0,921944,45.7%,9.0%,1.0%,12.6%,73.9%,91.0%,24.1%,85%,5.5%,11.6%,40.697819,-73.745728,0.0,104,5,5,,,,
372,Q248,2317392,2506949,47.0%,4.3%,1.0%,9.1%,80.7%,86.6%,34.5%,74%,3.7%,13.8%,40.668235,-73.756839,0.0,81,15,24,423.0,422.0,403.0,83.7%
373,Q259,2965458,2913171,39.6%,2.8%,1.3%,5.7%,89.7%,90.5%,17.8%,84%,3.9%,15.8%,40.70646,-73.753579,0.0,63,0,28,405.0,427.0,409.0,72.4%
374,Q265,2378717,2455279,49.8%,3.7%,1.2%,9.2%,82.7%,89.7%,28.8%,80%,5.9%,15.7%,40.668235,-73.756839,0.0,106,6,11,384.0,407.0,400.0,70.1%
375,Q272,2377016,2428883,48.2%,9.4%,1.8%,11.4%,75.6%,90.1%,28.9%,79%,2.0%,13.4%,40.668235,-73.756839,0.0,107,8,26,439.0,428.0,419.0,63.5%
376,Q283,2562701,2555151,46.4%,4.2%,2.4%,8.4%,81.0%,89.1%,30.6%,88%,0.8%,15.6%,40.668235,-73.756839,0.0,99,4,9,398.0,410.0,393.0,69.5%
377,Q326,1593129,1977894,44.2%,6.7%,2.2%,9.1%,79.0%,86.8%,42.6%,75%,3.5%,20.4%,40.711849,-73.77119499999998,1.09,66,3,11,418.0,424.0,411.0,58.5%
378,Q327,1659513,2086830,41.9%,0.6%,1.8%,5.4%,86.3%,89.7%,32.6%,81%,0.0%,19.0%,40.691712,-73.77892299999998,1.09,50,1,4,,,,
379,Q492,2515643,2558709,50.1%,9.9%,1.6%,11.8%,72.3%,89.2%,30.5%,78%,6.5%,12.0%,40.697819,-73.745728,0.0,77,5,24,380.0,418.0,388.0,54.9%
380,Q498,2915675,3004363,50.4%,5.5%,1.1%,11.8%,81.0%,87.7%,38.0%,76%,3.4%,16.4%,40.697819,-73.745728,0.0,94,6,13,384.0,409.0,401.0,60.2%
381,Q258,0,899603,50.1%,23.3%,15.9%,42.7%,11.5%,94.8%,13.0%,86%,4.8%,16.3%,40.757065,-73.932664,0.0,96,2,11,,,,
382,Q286,2625485,2684056,56.1%,37.7%,19.6%,38.0%,4.7%,94.3%,14.1%,91%,3.4%,8.4%,40.77121500000001,-73.924591,1.76,78,0,1,483.0,464.0,477.0,100.0%
383,Q301,2617654,2763083,44.4%,5.8%,20.8%,54.2%,15.9%,94.1%,16.8%,89%,2.3%,18.3%,40.742956,-73.95919599999998,0.0,138,1,1,444.0,458.0,444.0,95.0%
384,Q445,12981999,12617022,55.8%,28.4%,16.1%,48.7%,5.6%,88.0%,32.4%,76%,14.9%,13.2%,40.75823,-73.910514,31.53,456,68,102,466.0,424.0,426.0,56.9%
385,Q450,14182945,12414737,62.7%,15.7%,9.0%,60.2%,13.5%,80.2%,50.5%,82%,11.9%,17.6%,40.765826,-73.9328,31.53,297,43,52,430.0,423.0,412.0,51.6%
386,Q501,4183845,4076275,29.4%,10.5%,38.7%,33.4%,13.6%,94.9%,10.4%,88%,0.4%,7.3%,40.756534,-73.92512099999998,2.49,214,0,8,536.0,543.0,543.0,89.5%
387,Q502,4662218,4621506,59.3%,18.2%,9.4%,56.3%,14.9%,89.9%,30.5%,81%,8.7%,18.0%,40.748701,-73.94638,2.49,200,13,39,443.0,420.0,411.0,58.8%
388,Q555,5174272,5304961,60.1%,36.7%,6.2%,54.6%,2.4%,90.8%,24.7%,85%,76.8%,1.0%,40.751356,-73.937445,2.49,183,30,50,490.0,374.0,381.0,47.1%
389,Q575,3498253,3600387,44.2%,29.3%,28.3%,34.3%,7.3%,94.1%,14.8%,88%,3.1%,8.9%,40.751331,-73.937434,2.49,236,0,4,495.0,482.0,479.0,84.8%
390,Q580,2801414,2868915,27.6%,39.6%,34.5%,21.2%,2.5%,96.6%,5.1%,90%,0.0%,0.9%,40.755366,-73.92716899999998,1.09,75,0,1,633.0,620.0,628.0,98.5%
391,R047,2712155,2753019,27.6%,11.2%,55.6%,19.8%,8.8%,94.8%,12.2%,88%,0.4%,16.7%,40.581315,-74.158589,0.0,133,0,0,477.0,468.0,464.0,83.5%
392,R064,2446927,2554132,31.8%,3.3%,61.6%,19.0%,13.8%,91.1%,25.7%,82%,0.2%,23.4%,40.581315,-74.158589,0.0,101,4,4,442.0,458.0,454.0,55.8%
393,R080,5804647,5768019,36.6%,6.9%,49.8%,20.2%,22.3%,90.2%,29.6%,87%,1.1%,21.4%,40.608517,-74.102078,5.55,103,1,4,483.0,473.0,470.0,79.2%
394,R440,12539526,12790340,45.8%,7.5%,51.8%,27.8%,12.1%,89.0%,23.8%,82%,4.2%,19.9%,40.569393,-74.107737,0.0,611,36,78,454.0,446.0,444.0,63.7%
395,R445,9792114,8955405,59.4%,7.0%,21.7%,42.8%,27.9%,87.5%,34.1%,80%,5.7%,26.6%,40.634573,-74.141818,8.48,287,37,72,432.0,427.0,425.0,44.6%
396,R450,11475345,11105932,61.6%,7.1%,17.7%,36.0%,38.4%,86.4%,36.0%,78%,6.1%,19.0%,40.644735,-74.081222,13.67,465,66,89,453.0,458.0,444.0,64.2%
397,R455,17447726,17922743,24.8%,5.1%,79.9%,11.8%,1.8%,91.2%,27.3%,80%,0.9%,16.3%,40.528092,-74.192032,0.0,925,34,56,494.0,476.0,476.0,78.9%
398,R460,15839768,16237811,39.7%,13.4%,47.7%,27.0%,10.9%,90.9%,28.2%,82%,2.0%,20.2%,40.596803,-74.124227,14.5,662,24,66,496.0,490.0,487.0,66.3%
399,R600,4153560,4171508,60.4%,4.8%,19.7%,42.5%,30.8%,87.3%,36.0%,78%,2.4%,26.4%,40.642793,-74.07873000000002,1.76,116,8,36,420.0,429.0,409.0,38.0%
400,R605,6297553,6360755,25.0%,41.1%,52.2%,5.2%,1.0%,96.5%,6.2%,95%,0.0%,1.3%,40.567873,-74.11537299999998,3.56,313,0,0,711.0,660.0,670.0,99.7%
401,K168,837386,1374515,70.9%,2.4%,4.5%,38.1%,53.8%,87.5%,38.7%,81%,10.1%,17.8%,40.69697,-73.910791,0.0,44,2,3,,,,0.0%
402,K403,2105860,2159479,78.6%,1.8%,1.5%,77.1%,19.4%,81.5%,53.9%,82%,32.4%,25.6%,40.832117,-73.82749,0.0,71,11,11,365.0,366.0,348.0,71.3%
403,K403,2105860,2159479,78.6%,1.8%,1.5%,77.1%,19.4%,81.5%,53.9%,82%,32.4%,25.6%,40.69697,-73.910791,0.0,71,11,11,365.0,366.0,348.0,71.3%
404,K545,3004969,3068961,80.7%,0.4%,0.2%,90.7%,8.0%,84.7%,41.8%,83%,20.0%,20.0%,40.694507,-73.929107,1.76,113,8,9,389.0,374.0,378.0,50.0%
405,K549,2608193,2574101,76.8%,0.5%,2.5%,76.0%,20.5%,79.9%,49.8%,83%,21.5%,19.5%,40.69697,-73.910791,0.0,78,12,14,365.0,357.0,357.0,50.0%
406,K552,2269508,2132625,80.8%,0.7%,0.7%,73.8%,23.3%,82.1%,53.9%,81%,29.0%,28.7%,40.69697,-73.910791,0.0,56,8,1,392.0,374.0,379.0,41.9%
407,K554,1428248,1578773,66.7%,6.2%,1.7%,77.0%,14.6%,93.9%,15.6%,96%,3.4%,10.7%,40.69737,-73.91317099999998,1.09,62,0,0,467.0,446.0,448.0,85.0%
408,K556,2399081,2324916,82.2%,0.9%,0.3%,81.4%,16.7%,82.4%,59.0%,83%,19.6%,24.0%,40.695056,-73.92814,1.09,51,10,10,393.0,368.0,382.0,46.8%
